year,house_price_CPI,rent_CPI,Jan,Feb,Mar,Apr,May,Jun,Jul,Aug,Sep,Oct,Nov,Dec,average
1915,NA,21.2,10.1,10,9.9,10,10.1,10.1,10.1,10.1,10.1,10.2,10.3,10.3,10.1
1916,NA,NA,10.4,10.4,10.5,10.6,10.7,10.8,10.8,10.9,11.1,11.3,11.5,11.6,10.9
1916,NA,NA,10.4,10.4,10.5,10.6,10.7,10.8,10.8,10.9,11.1,11.3,11.5,11.6,10.9
1916,NA,NA,10.4,10.4,10.5,10.6,10.7,10.8,10.8,10.9,11.1,11.3,11.5,11.6,10.9
1916,NA,21.4,10.4,10.4,10.5,10.6,10.7,10.8,10.8,10.9,11.1,11.3,11.5,11.6,10.9
1917,NA,NA,11.7,12,12,12.6,12.8,13,12.8,13,13.3,13.5,13.5,13.7,12.8
1917,NA,NA,11.7,12,12,12.6,12.8,13,12.8,13,13.3,13.5,13.5,13.7,12.8
1917,NA,NA,11.7,12,12,12.6,12.8,13,12.8,13,13.3,13.5,13.5,13.7,12.8
1917,NA,21,11.7,12,12,12.6,12.8,13,12.8,13,13.3,13.5,13.5,13.7,12.8
1918,NA,NA,14,14.1,14,14.2,14.5,14.7,15.1,15.4,15.7,16,16.3,16.5,15.1
1918,NA,NA,14,14.1,14,14.2,14.5,14.7,15.1,15.4,15.7,16,16.3,16.5,15.1
1918,NA,NA,14,14.1,14,14.2,14.5,14.7,15.1,15.4,15.7,16,16.3,16.5,15.1
1918,NA,22,14,14.1,14,14.2,14.5,14.7,15.1,15.4,15.7,16,16.3,16.5,15.1
1919,NA,NA,16.5,16.2,16.4,16.7,16.9,16.9,17.4,17.7,17.8,18.1,18.5,18.9,17.3
1919,NA,22.9,16.5,16.2,16.4,16.7,16.9,16.9,17.4,17.7,17.8,18.1,18.5,18.9,17.3
1919,NA,NA,16.5,16.2,16.4,16.7,16.9,16.9,17.4,17.7,17.8,18.1,18.5,18.9,17.3
1919,NA,24.9,16.5,16.2,16.4,16.7,16.9,16.9,17.4,17.7,17.8,18.1,18.5,18.9,17.3
1920,NA,NA,19.3,19.5,19.7,20.3,20.6,20.9,20.8,20.3,20,19.9,19.8,19.4,20
1920,NA,27,19.3,19.5,19.7,20.3,20.6,20.9,20.8,20.3,20,19.9,19.8,19.4,20
1920,NA,NA,19.3,19.5,19.7,20.3,20.6,20.9,20.8,20.3,20,19.9,19.8,19.4,20
1920,NA,29.8,19.3,19.5,19.7,20.3,20.6,20.9,20.8,20.3,20,19.9,19.8,19.4,20
1921,NA,NA,19,18.4,18.3,18.1,17.7,17.6,17.7,17.7,17.5,17.5,17.4,17.3,17.9
1921,NA,31.6,19,18.4,18.3,18.1,17.7,17.6,17.7,17.7,17.5,17.5,17.4,17.3,17.9
1921,NA,31.8,19,18.4,18.3,18.1,17.7,17.6,17.7,17.7,17.5,17.5,17.4,17.3,17.9
1921,NA,32.3,19,18.4,18.3,18.1,17.7,17.6,17.7,17.7,17.5,17.5,17.4,17.3,17.9
1922,NA,32.2,16.9,16.9,16.7,16.7,16.7,16.7,16.8,16.6,16.6,16.7,16.8,16.9,16.8
1922,NA,32.4,16.9,16.9,16.7,16.7,16.7,16.7,16.8,16.6,16.6,16.7,16.8,16.9,16.8
1922,NA,32.4,16.9,16.9,16.7,16.7,16.7,16.7,16.8,16.6,16.6,16.7,16.8,16.9,16.8
1922,NA,32.6,16.9,16.9,16.7,16.7,16.7,16.7,16.8,16.6,16.6,16.7,16.8,16.9,16.8
1923,NA,32.8,16.8,16.8,16.8,16.9,16.9,17,17.2,17.1,17.2,17.3,17.3,17.3,17.1
1923,NA,33.2,16.8,16.8,16.8,16.9,16.9,17,17.2,17.1,17.2,17.3,17.3,17.3,17.1
1923,NA,33.5,16.8,16.8,16.8,16.9,16.9,17,17.2,17.1,17.2,17.3,17.3,17.3,17.1
1923,NA,34,16.8,16.8,16.8,16.9,16.9,17,17.2,17.1,17.2,17.3,17.3,17.3,17.1
1924,NA,34.1,17.3,17.2,17.1,17,17,17,17.1,17,17.1,17.2,17.2,17.3,17.1
1924,NA,34.5,17.3,17.2,17.1,17,17,17,17.1,17,17.1,17.2,17.2,17.3,17.1
1924,NA,34.6,17.3,17.2,17.1,17,17,17,17.1,17,17.1,17.2,17.2,17.3,17.1
1924,NA,34.6,17.3,17.2,17.1,17,17,17,17.1,17,17.1,17.2,17.2,17.3,17.1
1925,NA,NA,17.3,17.2,17.3,17.2,17.3,17.5,17.7,17.7,17.7,17.7,18,17.9,17.5
1925,NA,34.6,17.3,17.2,17.3,17.2,17.3,17.5,17.7,17.7,17.7,17.7,18,17.9,17.5
1925,NA,NA,17.3,17.2,17.3,17.2,17.3,17.5,17.7,17.7,17.7,17.7,18,17.9,17.5
1925,NA,34.5,17.3,17.2,17.3,17.2,17.3,17.5,17.7,17.7,17.7,17.7,18,17.9,17.5
1926,NA,NA,17.9,17.9,17.8,17.9,17.8,17.7,17.5,17.4,17.5,17.6,17.7,17.7,17.7
1926,NA,34.2,17.9,17.9,17.8,17.9,17.8,17.7,17.5,17.4,17.5,17.6,17.7,17.7,17.7
1926,NA,NA,17.9,17.9,17.8,17.9,17.8,17.7,17.5,17.4,17.5,17.6,17.7,17.7,17.7
1926,NA,34,17.9,17.9,17.8,17.9,17.8,17.7,17.5,17.4,17.5,17.6,17.7,17.7,17.7
1927,NA,NA,17.5,17.4,17.3,17.3,17.4,17.6,17.3,17.2,17.3,17.4,17.3,17.3,17.4
1927,NA,33.7,17.5,17.4,17.3,17.3,17.4,17.6,17.3,17.2,17.3,17.4,17.3,17.3,17.4
1927,NA,NA,17.5,17.4,17.3,17.3,17.4,17.6,17.3,17.2,17.3,17.4,17.3,17.3,17.4
1927,NA,33.3,17.5,17.4,17.3,17.3,17.4,17.6,17.3,17.2,17.3,17.4,17.3,17.3,17.4
1928,NA,NA,17.3,17.1,17.1,17.1,17.2,17.1,17.1,17.1,17.3,17.2,17.2,17.1,17.1
1928,NA,32.9,17.3,17.1,17.1,17.1,17.2,17.1,17.1,17.1,17.3,17.2,17.2,17.1,17.1
1928,NA,NA,17.3,17.1,17.1,17.1,17.2,17.1,17.1,17.1,17.3,17.2,17.2,17.1,17.1
1928,NA,32.5,17.3,17.1,17.1,17.1,17.2,17.1,17.1,17.1,17.3,17.2,17.2,17.1,17.1
1929,NA,NA,17.1,17.1,17,16.9,17,17.1,17.3,17.3,17.3,17.3,17.3,17.2,17.1
1929,NA,32.1,17.1,17.1,17,16.9,17,17.1,17.3,17.3,17.3,17.3,17.3,17.2,17.1
1929,NA,NA,17.1,17.1,17,16.9,17,17.1,17.3,17.3,17.3,17.3,17.3,17.2,17.1
1929,NA,31.8,17.1,17.1,17,16.9,17,17.1,17.3,17.3,17.3,17.3,17.3,17.2,17.1
1930,NA,NA,17.1,17,16.9,17,16.9,16.8,16.6,16.5,16.6,16.5,16.4,16.1,16.7
1930,NA,31.3,17.1,17,16.9,17,16.9,16.8,16.6,16.5,16.6,16.5,16.4,16.1,16.7
1930,NA,NA,17.1,17,16.9,17,16.9,16.8,16.6,16.5,16.6,16.5,16.4,16.1,16.7
1930,NA,30.7,17.1,17,16.9,17,16.9,16.8,16.6,16.5,16.6,16.5,16.4,16.1,16.7
1931,NA,NA,15.9,15.7,15.6,15.5,15.3,15.1,15.1,15.1,15,14.9,14.7,14.6,15.2
1931,NA,29.7,15.9,15.7,15.6,15.5,15.3,15.1,15.1,15.1,15,14.9,14.7,14.6,15.2
1931,NA,NA,15.9,15.7,15.6,15.5,15.3,15.1,15.1,15.1,15,14.9,14.7,14.6,15.2
1931,NA,28.6,15.9,15.7,15.6,15.5,15.3,15.1,15.1,15.1,15,14.9,14.7,14.6,15.2
1932,NA,NA,14.3,14.1,14,13.9,13.7,13.6,13.6,13.5,13.4,13.3,13.2,13.1,13.7
1932,NA,26.7,14.3,14.1,14,13.9,13.7,13.6,13.6,13.5,13.4,13.3,13.2,13.1,13.7
1932,NA,NA,14.3,14.1,14,13.9,13.7,13.6,13.6,13.5,13.4,13.3,13.2,13.1,13.7
1932,NA,24.7,14.3,14.1,14,13.9,13.7,13.6,13.6,13.5,13.4,13.3,13.2,13.1,13.7
1933,NA,NA,12.9,12.7,12.6,12.6,12.6,12.7,13.1,13.2,13.2,13.2,13.2,13.2,13
1933,NA,22.7,12.9,12.7,12.6,12.6,12.6,12.7,13.1,13.2,13.2,13.2,13.2,13.2,13
1933,NA,NA,12.9,12.7,12.6,12.6,12.6,12.7,13.1,13.2,13.2,13.2,13.2,13.2,13
1933,NA,21.8,12.9,12.7,12.6,12.6,12.6,12.7,13.1,13.2,13.2,13.2,13.2,13.2,13
1934,NA,NA,13.2,13.3,13.3,13.3,13.3,13.4,13.4,13.4,13.6,13.5,13.5,13.4,13.4
1934,NA,21.3,13.2,13.3,13.3,13.3,13.3,13.4,13.4,13.4,13.6,13.5,13.5,13.4,13.4
1934,NA,NA,13.2,13.3,13.3,13.3,13.3,13.4,13.4,13.4,13.6,13.5,13.5,13.4,13.4
1934,NA,21.3,13.2,13.3,13.3,13.3,13.3,13.4,13.4,13.4,13.6,13.5,13.5,13.4,13.4
1935,NA,21.3,13.6,13.7,13.7,13.8,13.8,13.7,13.7,13.7,13.7,13.7,13.8,13.8,13.7
1935,NA,NA,13.6,13.7,13.7,13.8,13.8,13.7,13.7,13.7,13.7,13.7,13.8,13.8,13.7
1935,NA,21.4,13.6,13.7,13.7,13.8,13.8,13.7,13.7,13.7,13.7,13.7,13.8,13.8,13.7
1935,NA,21.5,13.6,13.7,13.7,13.8,13.8,13.7,13.7,13.7,13.7,13.7,13.8,13.8,13.7
1936,NA,21.6,13.8,13.8,13.7,13.7,13.7,13.8,13.9,14,14,14,14,14,13.9
1936,NA,21.7,13.8,13.8,13.7,13.7,13.7,13.8,13.9,14,14,14,14,14,13.9
1936,NA,21.95,13.8,13.8,13.7,13.7,13.7,13.8,13.9,14,14,14,14,14,13.9
1936,NA,22.3,13.8,13.8,13.7,13.7,13.7,13.8,13.9,14,14,14,14,14,13.9
1937,NA,22.4,14.1,14.1,14.2,14.3,14.4,14.4,14.5,14.5,14.6,14.6,14.5,14.4,14.4
1937,NA,22.9,14.1,14.1,14.2,14.3,14.4,14.4,14.5,14.5,14.6,14.6,14.5,14.4,14.4
1937,NA,23.2,14.1,14.1,14.2,14.3,14.4,14.4,14.5,14.5,14.6,14.6,14.5,14.4,14.4
1937,NA,23.5,14.1,14.1,14.2,14.3,14.4,14.4,14.5,14.5,14.6,14.6,14.5,14.4,14.4
1938,NA,23.6,14.2,14.1,14.1,14.2,14.1,14.1,14.1,14.1,14.1,14,14,14,14.1
1938,NA,23.7,14.2,14.1,14.1,14.2,14.1,14.1,14.1,14.1,14.1,14,14,14,14.1
1938,NA,23.7,14.2,14.1,14.1,14.2,14.1,14.1,14.1,14.1,14.1,14,14,14,14.1
1938,NA,23.7,14.2,14.1,14.1,14.2,14.1,14.1,14.1,14.1,14.1,14,14,14,14.1
1939,NA,23.7,14,13.9,13.9,13.8,13.8,13.8,13.8,13.8,14.1,14,14,14,13.9
1939,NA,23.7,14,13.9,13.9,13.8,13.8,13.8,13.8,13.8,14.1,14,14,14,13.9
1939,NA,23.7,14,13.9,13.9,13.8,13.8,13.8,13.8,13.8,14.1,14,14,14,13.9
1939,NA,23.7,14,13.9,13.9,13.8,13.8,13.8,13.8,13.8,14.1,14,14,14,13.9
1940,NA,23.7,13.9,14,14,14,14,14.1,14,14,14,14,14,14.1,14
1940,NA,23.7,13.9,14,14,14,14,14.1,14,14,14,14,14,14.1,14
1940,NA,23.8,13.9,14,14,14,14,14.1,14,14,14,14,14,14.1,14
1940,NA,23.8,13.9,14,14,14,14,14.1,14,14,14,14,14,14.1,14
1941,NA,23.866666669999997,14.1,14.1,14.2,14.3,14.4,14.7,14.7,14.9,15.1,15.3,15.4,15.5,14.7
1941,NA,24,14.1,14.1,14.2,14.3,14.4,14.7,14.7,14.9,15.1,15.3,15.4,15.5,14.7
1941,NA,24.2,14.1,14.1,14.2,14.3,14.4,14.7,14.7,14.9,15.1,15.3,15.4,15.5,14.7
1941,NA,24.533333329999998,14.1,14.1,14.2,14.3,14.4,14.7,14.7,14.9,15.1,15.3,15.4,15.5,14.7
1942,NA,24.733333329999997,15.7,15.8,16,16.1,16.3,16.3,16.4,16.5,16.5,16.7,16.8,16.9,16.3
1942,NA,24.83333333,15.7,15.8,16,16.1,16.3,16.3,16.4,16.5,16.5,16.7,16.8,16.9,16.3
1942,NA,24.6,15.7,15.8,16,16.1,16.3,16.3,16.4,16.5,16.5,16.7,16.8,16.9,16.3
1942,NA,24.6,15.7,15.8,16,16.1,16.3,16.3,16.4,16.5,16.5,16.7,16.8,16.9,16.3
1943,NA,24.666666669999998,16.9,16.9,17.2,17.4,17.5,17.5,17.4,17.3,17.4,17.4,17.4,17.4,17.3
1943,NA,24.7,16.9,16.9,17.2,17.4,17.5,17.5,17.4,17.3,17.4,17.4,17.4,17.4,17.3
1943,NA,24.7,16.9,16.9,17.2,17.4,17.5,17.5,17.4,17.3,17.4,17.4,17.4,17.4,17.3
1943,NA,24.7,16.9,16.9,17.2,17.4,17.5,17.5,17.4,17.3,17.4,17.4,17.4,17.4,17.3
1944,NA,24.7,17.4,17.4,17.4,17.5,17.5,17.6,17.7,17.7,17.7,17.7,17.7,17.8,17.6
1944,NA,24.7,17.4,17.4,17.4,17.5,17.5,17.6,17.7,17.7,17.7,17.7,17.7,17.8,17.6
1944,NA,24.8,17.4,17.4,17.4,17.5,17.5,17.6,17.7,17.7,17.7,17.7,17.7,17.8,17.6
1944,NA,24.8,17.4,17.4,17.4,17.5,17.5,17.6,17.7,17.7,17.7,17.7,17.7,17.8,17.6
1945,NA,24.8,17.8,17.8,17.8,17.8,17.9,18.1,18.1,18.1,18.1,18.1,18.1,18.2,18
1945,NA,24.8,17.8,17.8,17.8,17.8,17.9,18.1,18.1,18.1,18.1,18.1,18.1,18.2,18
1945,NA,24.8,17.8,17.8,17.8,17.8,17.9,18.1,18.1,18.1,18.1,18.1,18.1,18.2,18
1945,NA,24.9,17.8,17.8,17.8,17.8,17.9,18.1,18.1,18.1,18.1,18.1,18.1,18.2,18
1946,NA,24.9,18.2,18.1,18.3,18.4,18.5,18.7,19.8,20.2,20.4,20.8,21.3,21.5,19.5
1946,NA,25,18.2,18.1,18.3,18.4,18.5,18.7,19.8,20.2,20.4,20.8,21.3,21.5,19.5
1946,NA,25,18.2,18.1,18.3,18.4,18.5,18.7,19.8,20.2,20.4,20.8,21.3,21.5,19.5
1946,NA,NA,18.2,18.1,18.3,18.4,18.5,18.7,19.8,20.2,20.4,20.8,21.3,21.5,19.5
1947,NA,25.166666669999998,21.5,21.5,21.9,21.9,21.9,22,22.2,22.5,23,23,23.1,23.4,22.3
1947,NA,25.3,21.5,21.5,21.9,21.9,21.9,22,22.2,22.5,23,23,23.1,23.4,22.3
1947,NA,25.9,21.5,21.5,21.9,21.9,21.9,22,22.2,22.5,23,23,23.1,23.4,22.3
1947,NA,26.8,21.5,21.5,21.9,21.9,21.9,22,22.2,22.5,23,23,23.1,23.4,22.3
1948,NA,27.066666669999996,23.7,23.5,23.4,23.8,23.9,24.1,24.4,24.5,24.5,24.4,24.2,24.1,24.1
1948,NA,27.3,23.7,23.5,23.4,23.8,23.9,24.1,24.4,24.5,24.5,24.4,24.2,24.1,24.1
1948,NA,27.63333333,23.7,23.5,23.4,23.8,23.9,24.1,24.4,24.5,24.5,24.4,24.2,24.1,24.1
1948,NA,28,23.7,23.5,23.4,23.8,23.9,24.1,24.4,24.5,24.5,24.4,24.2,24.1,24.1
1949,NA,28.3,24,23.8,23.8,23.9,23.8,23.9,23.7,23.8,23.9,23.7,23.8,23.6,23.8
1949,NA,28.566666669999996,24,23.8,23.8,23.9,23.8,23.9,23.7,23.8,23.9,23.7,23.8,23.6,23.8
1949,NA,28.8,24,23.8,23.8,23.9,23.8,23.9,23.7,23.8,23.9,23.7,23.8,23.6,23.8
1949,NA,29.1,24,23.8,23.8,23.9,23.8,23.9,23.7,23.8,23.9,23.7,23.8,23.6,23.8
1950,NA,29.433333329999996,23.5,23.5,23.6,23.6,23.7,23.8,24.1,24.3,24.4,24.6,24.7,25,24.1
1950,NA,29.63333333,23.5,23.5,23.6,23.6,23.7,23.8,24.1,24.3,24.4,24.6,24.7,25,24.1
1950,NA,29.866666669999997,23.5,23.5,23.6,23.6,23.7,23.8,24.1,24.3,24.4,24.6,24.7,25,24.1
1950,NA,30.1,23.5,23.5,23.6,23.6,23.7,23.8,24.1,24.3,24.4,24.6,24.7,25,24.1
1951,NA,30.4,25.4,25.7,25.8,25.8,25.9,25.9,25.9,25.9,26.1,26.2,26.4,26.5,26
1951,NA,30.766666669999996,25.4,25.7,25.8,25.8,25.9,25.9,25.9,25.9,26.1,26.2,26.4,26.5,26
1951,NA,31.033333329999998,25.4,25.7,25.8,25.8,25.9,25.9,25.9,25.9,26.1,26.2,26.4,26.5,26
1951,NA,31.5,25.4,25.7,25.8,25.8,25.9,25.9,25.9,25.9,26.1,26.2,26.4,26.5,26
1952,NA,31.83333333,26.5,26.3,26.3,26.4,26.4,26.5,26.7,26.7,26.7,26.7,26.7,26.7,26.5
1952,NA,32.03333333000001,26.5,26.3,26.3,26.4,26.4,26.5,26.7,26.7,26.7,26.7,26.7,26.7,26.5
1952,NA,32.26666667,26.5,26.3,26.3,26.4,26.4,26.5,26.7,26.7,26.7,26.7,26.7,26.7,26.5
1952,NA,32.733333330000015,26.5,26.3,26.3,26.4,26.4,26.5,26.7,26.7,26.7,26.7,26.7,26.7,26.5
1953,NA,33.16666667,26.6,26.5,26.6,26.6,26.7,26.8,26.8,26.9,26.9,27,26.9,26.9,26.7
1953,NA,33.56666667,26.6,26.5,26.6,26.6,26.7,26.8,26.8,26.9,26.9,27,26.9,26.9,26.7
1953,NA,34.13333333000001,26.6,26.5,26.6,26.6,26.7,26.8,26.8,26.9,26.9,27,26.9,26.9,26.7
1953,NA,34.76666667,26.6,26.5,26.6,26.6,26.7,26.8,26.8,26.9,26.9,27,26.9,26.9,26.7
1954,NA,34.93333333000001,26.9,26.9,26.9,26.8,26.9,26.9,26.9,26.9,26.8,26.8,26.8,26.7,26.9
1954,NA,35.06666667,26.9,26.9,26.9,26.8,26.9,26.9,26.9,26.9,26.8,26.8,26.8,26.7,26.9
1954,NA,35.13333333000001,26.9,26.9,26.9,26.8,26.9,26.9,26.9,26.9,26.8,26.8,26.8,26.7,26.9
1954,NA,35.33333333000001,26.9,26.9,26.9,26.8,26.9,26.9,26.9,26.9,26.8,26.8,26.8,26.7,26.9
1955,NA,35.43333333000001,26.7,26.7,26.7,26.7,26.7,26.7,26.8,26.8,26.9,26.9,26.9,26.8,26.8
1955,NA,35.56666667,26.7,26.7,26.7,26.7,26.7,26.7,26.8,26.8,26.9,26.9,26.9,26.8,26.8
1955,NA,35.66666667,26.7,26.7,26.7,26.7,26.7,26.7,26.8,26.8,26.9,26.9,26.9,26.8,26.8
1955,NA,35.76666667,26.7,26.7,26.7,26.7,26.7,26.7,26.8,26.8,26.9,26.9,26.9,26.8,26.8
1956,NA,35.9,26.8,26.8,26.8,26.9,27,27.2,27.4,27.3,27.4,27.5,27.5,27.6,27.2
1956,NA,36.1,26.8,26.8,26.8,26.9,27,27.2,27.4,27.3,27.4,27.5,27.5,27.6,27.2
1956,NA,36.43333333000001,26.8,26.8,26.8,26.9,27,27.2,27.4,27.3,27.4,27.5,27.5,27.6,27.2
1956,NA,36.6,26.8,26.8,26.8,26.9,27,27.2,27.4,27.3,27.4,27.5,27.5,27.6,27.2
1957,NA,36.7,27.6,27.7,27.8,27.9,28,28.1,28.3,28.3,28.3,28.3,28.4,28.4,28.1
1957,NA,36.83333333000001,27.6,27.7,27.8,27.9,28,28.1,28.3,28.3,28.3,28.3,28.4,28.4,28.1
1957,NA,37.03333333000001,27.6,27.7,27.8,27.9,28,28.1,28.3,28.3,28.3,28.3,28.4,28.4,28.1
1957,NA,37.26666667,27.6,27.7,27.8,27.9,28,28.1,28.3,28.3,28.3,28.3,28.4,28.4,28.1
1958,NA,37.43333333000001,28.6,28.6,28.8,28.9,28.9,28.9,29,28.9,28.9,28.9,29,28.9,28.9
1958,NA,37.6,28.6,28.6,28.8,28.9,28.9,28.9,29,28.9,28.9,28.9,29,28.9,28.9
1958,NA,37.7,28.6,28.6,28.8,28.9,28.9,28.9,29,28.9,28.9,28.9,29,28.9,28.9
1958,NA,37.83333333000001,28.6,28.6,28.8,28.9,28.9,28.9,29,28.9,28.9,28.9,29,28.9,28.9
1959,NA,37.966666669999995,29,28.9,28.9,29,29,29.1,29.2,29.2,29.3,29.4,29.4,29.4,29.1
1959,NA,38.1,29,28.9,28.9,29,29,29.1,29.2,29.2,29.3,29.4,29.4,29.4,29.1
1959,NA,38.2,29,28.9,28.9,29,29,29.1,29.2,29.2,29.3,29.4,29.4,29.4,29.1
1959,NA,38.43333333000001,29,28.9,28.9,29,29,29.1,29.2,29.2,29.3,29.4,29.4,29.4,29.1
1960,NA,38.53333333000001,29.3,29.4,29.4,29.5,29.5,29.6,29.6,29.6,29.6,29.8,29.8,29.8,29.6
1960,NA,38.7,29.3,29.4,29.4,29.5,29.5,29.6,29.6,29.6,29.6,29.8,29.8,29.8,29.6
1960,NA,38.76666667,29.3,29.4,29.4,29.5,29.5,29.6,29.6,29.6,29.6,29.8,29.8,29.8,29.6
1960,NA,38.966666669999995,29.3,29.4,29.4,29.5,29.5,29.6,29.6,29.6,29.6,29.8,29.8,29.8,29.6
1961,NA,39.06666667,29.8,29.8,29.8,29.8,29.8,29.8,30,29.9,30,30,30,30,29.9
1961,NA,39.2,29.8,29.8,29.8,29.8,29.8,29.8,30,29.9,30,30,30,30,29.9
1961,NA,39.233333330000015,29.8,29.8,29.8,29.8,29.8,29.8,30,29.9,30,30,30,30,29.9
1961,NA,39.43333333000001,29.8,29.8,29.8,29.8,29.8,29.8,30,29.9,30,30,30,30,29.9
1962,NA,39.53333333000001,30,30.1,30.1,30.2,30.2,30.2,30.3,30.3,30.4,30.4,30.4,30.4,30.2
1962,NA,39.66666667,30,30.1,30.1,30.2,30.2,30.2,30.3,30.3,30.4,30.4,30.4,30.4,30.2
1962,NA,39.76666667,30,30.1,30.1,30.2,30.2,30.2,30.3,30.3,30.4,30.4,30.4,30.4,30.2
1962,NA,39.9,30,30.1,30.1,30.2,30.2,30.2,30.3,30.3,30.4,30.4,30.4,30.4,30.2
1963,NA,40,30.4,30.4,30.5,30.5,30.5,30.6,30.7,30.7,30.7,30.8,30.8,30.9,30.6
1963,NA,40.03333333000001,30.4,30.4,30.5,30.5,30.5,30.6,30.7,30.7,30.7,30.8,30.8,30.9,30.6
1963,NA,40.13333333000001,30.4,30.4,30.5,30.5,30.5,30.6,30.7,30.7,30.7,30.8,30.8,30.9,30.6
1963,NA,40.3,30.4,30.4,30.5,30.5,30.5,30.6,30.7,30.7,30.7,30.8,30.8,30.9,30.6
1964,NA,40.366666669999994,30.9,30.9,30.9,30.9,30.9,31,31.1,31,31.1,31.1,31.2,31.2,31
1964,NA,40.5,30.9,30.9,30.9,30.9,30.9,31,31.1,31,31.1,31.1,31.2,31.2,31
1964,NA,40.56666667,30.9,30.9,30.9,30.9,30.9,31,31.1,31,31.1,31.1,31.2,31.2,31
1964,NA,40.7,30.9,30.9,30.9,30.9,30.9,31,31.1,31,31.1,31.1,31.2,31.2,31
1965,NA,40.76666667,31.2,31.2,31.3,31.4,31.4,31.6,31.6,31.6,31.6,31.7,31.7,31.8,31.5
1965,NA,40.9,31.2,31.2,31.3,31.4,31.4,31.6,31.6,31.6,31.6,31.7,31.7,31.8,31.5
1965,NA,40.966666669999995,31.2,31.2,31.3,31.4,31.4,31.6,31.6,31.6,31.6,31.7,31.7,31.8,31.5
1965,NA,41.1,31.2,31.2,31.3,31.4,31.4,31.6,31.6,31.6,31.6,31.7,31.7,31.8,31.5
1966,NA,41.26666667,31.8,32,32.1,32.3,32.3,32.4,32.5,32.7,32.7,32.9,32.9,32.9,32.4
1966,NA,41.4,31.8,32,32.1,32.3,32.3,32.4,32.5,32.7,32.7,32.9,32.9,32.9,32.4
1966,NA,41.53333333000001,31.8,32,32.1,32.3,32.3,32.4,32.5,32.7,32.7,32.9,32.9,32.9,32.4
1966,NA,41.76666667,31.8,32,32.1,32.3,32.3,32.4,32.5,32.7,32.7,32.9,32.9,32.9,32.4
1967,NA,41.966666669999995,32.9,32.9,33,33.1,33.2,33.3,33.4,33.5,33.6,33.7,33.8,33.9,33.4
1967,NA,42.13333333000001,32.9,32.9,33,33.1,33.2,33.3,33.4,33.5,33.6,33.7,33.8,33.9,33.4
1967,NA,42.3,32.9,32.9,33,33.1,33.2,33.3,33.4,33.5,33.6,33.7,33.8,33.9,33.4
1967,NA,42.56666667,32.9,32.9,33,33.1,33.2,33.3,33.4,33.5,33.6,33.7,33.8,33.9,33.4
1968,NA,42.8,34.1,34.2,34.3,34.4,34.5,34.7,34.9,35,35.1,35.3,35.4,35.5,34.8
1968,NA,43.1,34.1,34.2,34.3,34.4,34.5,34.7,34.9,35,35.1,35.3,35.4,35.5,34.8
1968,NA,43.4,34.1,34.2,34.3,34.4,34.5,34.7,34.9,35,35.1,35.3,35.4,35.5,34.8
1968,NA,43.7,34.1,34.2,34.3,34.4,34.5,34.7,34.9,35,35.1,35.3,35.4,35.5,34.8
1969,NA,44.03333333000001,35.6,35.8,36.1,36.3,36.4,36.6,36.8,37,37.1,37.3,37.5,37.7,36.7
1969,NA,44.4,35.6,35.8,36.1,36.3,36.4,36.6,36.8,37,37.1,37.3,37.5,37.7,36.7
1969,NA,44.83333333000001,35.6,35.8,36.1,36.3,36.4,36.6,36.8,37,37.1,37.3,37.5,37.7,36.7
1969,NA,45.33333333000001,35.6,35.8,36.1,36.3,36.4,36.6,36.8,37,37.1,37.3,37.5,37.7,36.7
1970,NA,45.8,37.8,38,38.2,38.5,38.6,38.8,39,39,39.2,39.4,39.6,39.8,38.8
1970,NA,46.233333330000015,37.8,38,38.2,38.5,38.6,38.8,39,39,39.2,39.4,39.6,39.8,38.8
1970,NA,46.66666667,37.8,38,38.2,38.5,38.6,38.8,39,39,39.2,39.4,39.6,39.8,38.8
1970,NA,47.3,37.8,38,38.2,38.5,38.6,38.8,39,39,39.2,39.4,39.6,39.8,38.8
1971,NA,47.93333333000001,39.8,39.9,40,40.1,40.3,40.6,40.7,40.8,40.8,40.9,40.9,41.1,40.5
1971,NA,48.5,39.8,39.9,40,40.1,40.3,40.6,40.7,40.8,40.8,40.9,40.9,41.1,40.5
1971,NA,48.866666669999994,39.8,39.9,40,40.1,40.3,40.6,40.7,40.8,40.8,40.9,40.9,41.1,40.5
1971,NA,49.3,39.8,39.9,40,40.1,40.3,40.6,40.7,40.8,40.8,40.9,40.9,41.1,40.5
1972,NA,49.733333330000015,41.1,41.3,41.4,41.5,41.6,41.7,41.9,42,42.1,42.3,42.4,42.5,41.8
1972,NA,50.13333333000001,41.1,41.3,41.4,41.5,41.6,41.7,41.9,42,42.1,42.3,42.4,42.5,41.8
1972,NA,50.5,41.1,41.3,41.4,41.5,41.6,41.7,41.9,42,42.1,42.3,42.4,42.5,41.8
1972,NA,50.93333333000001,41.1,41.3,41.4,41.5,41.6,41.7,41.9,42,42.1,42.3,42.4,42.5,41.8
1973,NA,51.7,42.6,42.9,43.3,43.6,43.9,44.2,44.3,45.1,45.2,45.6,45.9,46.2,44.4
1973,NA,52.233333330000015,42.6,42.9,43.3,43.6,43.9,44.2,44.3,45.1,45.2,45.6,45.9,46.2,44.4
1973,NA,52.76666667,42.6,42.9,43.3,43.6,43.9,44.2,44.3,45.1,45.2,45.6,45.9,46.2,44.4
1973,NA,53.4,42.6,42.9,43.3,43.6,43.9,44.2,44.3,45.1,45.2,45.6,45.9,46.2,44.4
1974,NA,54.16666667,46.6,47.2,47.8,48,48.6,49,49.4,50,50.6,51.1,51.5,51.9,49.3
1974,NA,54.76666667,46.6,47.2,47.8,48,48.6,49,49.4,50,50.6,51.1,51.5,51.9,49.3
1974,NA,55.43333333000001,46.6,47.2,47.8,48,48.6,49,49.4,50,50.6,51.1,51.5,51.9,49.3
1974,NA,56.233333330000015,46.6,47.2,47.8,48,48.6,49,49.4,50,50.6,51.1,51.5,51.9,49.3
1975,59.790000000000006,57.03333333000001,52.1,52.5,52.7,52.9,53.2,53.6,54.2,54.3,54.6,54.9,55.3,55.5,53.8
1975,60.99,57.6,52.1,52.5,52.7,52.9,53.2,53.6,54.2,54.3,54.6,54.9,55.3,55.5,53.8
1975,61.28,58.26666667,52.1,52.5,52.7,52.9,53.2,53.6,54.2,54.3,54.6,54.9,55.3,55.5,53.8
1975,62.290000000000006,59.1,52.1,52.5,52.7,52.9,53.2,53.6,54.2,54.3,54.6,54.9,55.3,55.5,53.8
1976,62.91,59.966666669999995,55.6,55.8,55.9,56.1,56.5,56.8,57.1,57.4,57.6,57.9,58,58.2,56.9
1976,65.48,60.733333330000015,55.6,55.8,55.9,56.1,56.5,56.8,57.1,57.4,57.6,57.9,58,58.2,56.9
1976,66.59,61.53333333000001,55.6,55.8,55.9,56.1,56.5,56.8,57.1,57.4,57.6,57.9,58,58.2,56.9
1976,67.26,62.33333333000001,55.6,55.8,55.9,56.1,56.5,56.8,57.1,57.4,57.6,57.9,58,58.2,56.9
1977,69.43,63.43333333000001,58.5,59.1,59.5,60,60.3,60.7,61,61.2,61.4,61.6,61.9,62.1,60.6
1977,72.64,64.3,58.5,59.1,59.5,60,60.3,60.7,61,61.2,61.4,61.6,61.9,62.1,60.6
1977,74.36999999999999,65.23333333,58.5,59.1,59.5,60,60.3,60.7,61,61.2,61.4,61.6,61.9,62.1,60.6
1977,77.23,66.3,58.5,59.1,59.5,60,60.3,60.7,61,61.2,61.4,61.6,61.9,62.1,60.6
1978,79.58,67.46666667000002,62.5,62.9,63.4,63.9,64.5,65.2,65.7,66,66.5,67.1,67.4,67.7,65.2
1978,82.74000000000001,68.66666667000001,62.5,62.9,63.4,63.9,64.5,65.2,65.7,66,66.5,67.1,67.4,67.7,65.2
1978,85.21000000000001,69.8,62.5,62.9,63.4,63.9,64.5,65.2,65.7,66,66.5,67.1,67.4,67.7,65.2
1978,87.46000000000001,71.16666667000001,62.5,62.9,63.4,63.9,64.5,65.2,65.7,66,66.5,67.1,67.4,67.7,65.2
1979,91.36999999999999,72.16666667000001,68.3,69.1,69.8,70.6,71.5,72.3,73.1,73.8,74.6,75.2,75.9,76.7,72.6
1979,94.38,73.3,68.3,69.1,69.8,70.6,71.5,72.3,73.1,73.8,74.6,75.2,75.9,76.7,72.6
1979,96.38,74.96666667000002,68.3,69.1,69.8,70.6,71.5,72.3,73.1,73.8,74.6,75.2,75.9,76.7,72.6
1979,98.28,76.93333333,68.3,69.1,69.8,70.6,71.5,72.3,73.1,73.8,74.6,75.2,75.9,76.7,72.6
1980,100,78.33333332999999,77.8,78.9,80.1,81,81.8,82.7,82.7,83.3,84,84.8,85.5,86.3,82.4
1980,101.58,79.83333332999999,77.8,78.9,80.1,81,81.8,82.7,82.7,83.3,84,84.8,85.5,86.3,82.4
1980,104.5,81.7,77.8,78.9,80.1,81,81.8,82.7,82.7,83.3,84,84.8,85.5,86.3,82.4
1980,104.77,83.8,77.8,78.9,80.1,81,81.8,82.7,82.7,83.3,84,84.8,85.5,86.3,82.4
1981,105.32,85.33333332999999,87,87.9,88.5,89.1,89.8,90.6,91.6,92.3,93.2,93.4,93.7,94,90.9
1981,107.44000000000001,86.9,87,87.9,88.5,89.1,89.8,90.6,91.6,92.3,93.2,93.4,93.7,94,90.9
1981,109.16999999999999,88.7,87,87.9,88.5,89.1,89.8,90.6,91.6,92.3,93.2,93.4,93.7,94,90.9
1981,109.13,90.83333332999999,87,87.9,88.5,89.1,89.8,90.6,91.6,92.3,93.2,93.4,93.7,94,90.9
1982,110.93,92.36666667000001,94.3,94.6,94.5,94.9,95.8,97,97.5,97.7,97.9,98.2,98,97.6,96.5
1982,111.86999999999999,93.56666667000002,94.3,94.6,94.5,94.9,95.8,97,97.5,97.7,97.9,98.2,98,97.6,96.5
1982,110.81,95.43333333,94.3,94.6,94.5,94.9,95.8,97,97.5,97.7,97.9,98.2,98,97.6,96.5
1982,112.2,97.13333332999999,94.3,94.6,94.5,94.9,95.8,97,97.5,97.7,97.9,98.2,98,97.6,96.5
1983,114.2,98.43333333,97.8,97.9,97.9,98.6,99.2,99.5,99.9,100.2,100.7,101,101.2,101.3,99.6
1983,115.41000000000001,99.36666667000001,97.8,97.9,97.9,98.6,99.2,99.5,99.9,100.2,100.7,101,101.2,101.3,99.6
1983,116.39,100.66666670000001,97.8,97.9,97.9,98.6,99.2,99.5,99.9,100.2,100.7,101,101.2,101.3,99.6
1983,117.03,101.9,97.8,97.9,97.9,98.6,99.2,99.5,99.9,100.2,100.7,101,101.2,101.3,99.6
1984,118.81,102.96666670000002,101.9,102.4,102.6,103.1,103.4,103.7,104.1,104.5,105,105.3,105.3,105.3,103.9
1984,120.36,104.46666670000002,101.9,102.4,102.6,103.1,103.4,103.7,104.1,104.5,105,105.3,105.3,105.3,103.9
1984,121.47,106.06666670000001,101.9,102.4,102.6,103.1,103.4,103.7,104.1,104.5,105,105.3,105.3,105.3,103.9
1984,122.45,107.66666670000001,101.9,102.4,102.6,103.1,103.4,103.7,104.1,104.5,105,105.3,105.3,105.3,103.9
1985,124.19,109.1,105.5,106,106.4,106.9,107.3,107.6,107.8,108,108.3,108.7,109,109.3,107.6
1985,126.07,110.76666670000002,105.5,106,106.4,106.9,107.3,107.6,107.8,108,108.3,108.7,109,109.3,107.6
1985,128.03,112.5333333,105.5,106,106.4,106.9,107.3,107.6,107.8,108,108.3,108.7,109,109.3,107.6
1985,129.44,114.63333329999999,105.5,106,106.4,106.9,107.3,107.6,107.8,108,108.3,108.7,109,109.3,107.6
1986,131.94,115.76666670000002,109.6,109.3,108.8,108.6,108.9,109.5,109.5,109.7,110.2,110.3,110.4,110.5,109.6
1986,134.69,117.66666670000001,109.6,109.3,108.8,108.6,108.9,109.5,109.5,109.7,110.2,110.3,110.4,110.5,109.6
1986,136.73,119.13333329999999,109.6,109.3,108.8,108.6,108.9,109.5,109.5,109.7,110.2,110.3,110.4,110.5,109.6
1986,138.84,120.5333333,109.6,109.3,108.8,108.6,108.9,109.5,109.5,109.7,110.2,110.3,110.4,110.5,109.6
1987,141.6,121.6,111.2,111.6,112.1,112.7,113.1,113.5,113.8,114.4,115,115.3,115.4,115.4,113.6
1987,143.78,122.2,111.2,111.6,112.1,112.7,113.1,113.5,113.8,114.4,115,115.3,115.4,115.4,113.6
1987,145.41,123.7333333,111.2,111.6,112.1,112.7,113.1,113.5,113.8,114.4,115,115.3,115.4,115.4,113.6
1987,146.34,125.06666670000001,111.2,111.6,112.1,112.7,113.1,113.5,113.8,114.4,115,115.3,115.4,115.4,113.6
1988,148.64,126.2333333,115.7,116,116.5,117.1,117.5,118,118.5,119,119.8,120.2,120.3,120.5,118.3
1988,151.59,126.9333333,115.7,116,116.5,117.1,117.5,118,118.5,119,119.8,120.2,120.3,120.5,118.3
1988,153.15,128.43333330000002,115.7,116,116.5,117.1,117.5,118,118.5,119,119.8,120.2,120.3,120.5,118.3
1988,154.57,129.76666669999997,115.7,116,116.5,117.1,117.5,118,118.5,119,119.8,120.2,120.3,120.5,118.3
1989,156.37,130.83333330000002,121.1,121.6,122.3,123.1,123.8,124.1,124.4,124.6,125,125.6,125.9,126.1,124
1989,158.52,131.8,121.1,121.6,122.3,123.1,123.8,124.1,124.4,124.6,125,125.6,125.9,126.1,124
1989,161.88000000000002,133.4666667,121.1,121.6,122.3,123.1,123.8,124.1,124.4,124.6,125,125.6,125.9,126.1,124
1989,163.23,135.1333333,121.1,121.6,122.3,123.1,123.8,124.1,124.4,124.6,125,125.6,125.9,126.1,124
1990,164.14,136.1,127.4,128,128.7,128.9,129.2,129.9,130.4,131.6,132.7,133.5,133.8,133.8,130.7
1990,164.81,137.4,127.4,128,128.7,128.9,129.2,129.9,130.4,131.6,132.7,133.5,133.8,133.8,130.7
1990,165.8,139.3666667,127.4,128,128.7,128.9,129.2,129.9,130.4,131.6,132.7,133.5,133.8,133.8,130.7
1990,165.15,140.76666669999997,127.4,128,128.7,128.9,129.2,129.9,130.4,131.6,132.7,133.5,133.8,133.8,130.7
1991,166.53,141.56666669999998,134.6,134.8,135,135.2,135.6,136,136.2,136.6,137.2,137.4,137.8,137.9,136.2
1991,167.66,142.76666669999997,134.6,134.8,135,135.2,135.6,136,136.2,136.6,137.2,137.4,137.8,137.9,136.2
1991,167.94,144,134.6,134.8,135,135.2,135.6,136,136.2,136.6,137.2,137.4,137.8,137.9,136.2
1991,170.31,144.93333330000002,134.6,134.8,135,135.2,135.6,136,136.2,136.6,137.2,137.4,137.8,137.9,136.2
1992,171.62,145.8,138.1,138.6,139.3,139.5,139.7,140.2,140.5,140.9,141.3,141.8,142,141.9,140.3
1992,171.59,146.3666667,138.1,138.6,139.3,139.5,139.7,140.2,140.5,140.9,141.3,141.8,142,141.9,140.3
1992,173.56,147.06666669999998,138.1,138.6,139.3,139.5,139.7,140.2,140.5,140.9,141.3,141.8,142,141.9,140.3
1992,174.43,148.4,138.1,138.6,139.3,139.5,139.7,140.2,140.5,140.9,141.3,141.8,142,141.9,140.3
1993,174.5,149.0333333,142.6,143.1,143.6,144,144.2,144.4,144.4,144.8,145.1,145.7,145.8,145.8,144.5
1993,176.15,149.9666667,142.6,143.1,143.6,144,144.2,144.4,144.4,144.8,145.1,145.7,145.8,145.8,144.5
1993,177.57,150.7333333,142.6,143.1,143.6,144,144.2,144.4,144.4,144.8,145.1,145.7,145.8,145.8,144.5
1993,179.04,151.6333333,142.6,143.1,143.6,144,144.2,144.4,144.4,144.8,145.1,145.7,145.8,145.8,144.5
1994,180.18,152.7333333,146.2,146.7,147.2,147.4,147.5,148,148.4,149,149.4,149.5,149.7,149.7,148.2
1994,181.26,153.33333330000002,146.2,146.7,147.2,147.4,147.5,148,148.4,149,149.4,149.5,149.7,149.7,148.2
1994,182.01,154.4666667,146.2,146.7,147.2,147.4,147.5,148,148.4,149,149.4,149.5,149.7,149.7,148.2
1994,181.86,155.5,146.2,146.7,147.2,147.4,147.5,148,148.4,149,149.4,149.5,149.7,149.7,148.2
1995,182.81,156.4,150.3,150.9,151.4,151.9,152.2,152.5,152.5,152.9,153.2,153.7,153.6,153.5,152.4
1995,185.8,157.2333333,150.3,150.9,151.4,151.9,152.2,152.5,152.5,152.9,153.2,153.7,153.6,153.5,152.4
1995,188.67,158.2,150.3,150.9,151.4,151.9,152.2,152.5,152.5,152.9,153.2,153.7,153.6,153.5,152.4
1995,190.14,159.26666669999997,150.3,150.9,151.4,151.9,152.2,152.5,152.5,152.9,153.2,153.7,153.6,153.5,152.4
1996,192.29,160.33333330000002,154.4,154.9,155.7,156.3,156.6,156.7,157,157.3,157.8,158.3,158.6,158.6,156.9
1996,192.62,161.26666669999997,154.4,154.9,155.7,156.3,156.6,156.7,157,157.3,157.8,158.3,158.6,158.6,156.9
1996,193.48000000000002,162.5333333,154.4,154.9,155.7,156.3,156.6,156.7,157,157.3,157.8,158.3,158.6,158.6,156.9
1996,194.98000000000002,163.66666669999998,154.4,154.9,155.7,156.3,156.6,156.7,157,157.3,157.8,158.3,158.6,158.6,156.9
1997,196.60999999999999,164.76666669999997,159.1,159.6,160,160.2,160.1,160.3,160.5,160.8,161.2,161.6,161.5,161.3,160.5
1997,198.26,165.93333330000002,159.1,159.6,160,160.2,160.1,160.3,160.5,160.8,161.2,161.6,161.5,161.3,160.5
1997,200.99,167.3,159.1,159.6,160,160.2,160.1,160.3,160.5,160.8,161.2,161.6,161.5,161.3,160.5
1997,203.59,168.66666669999998,159.1,159.6,160,160.2,160.1,160.3,160.5,160.8,161.2,161.6,161.5,161.3,160.5
1998,206.63,169.9,161.6,161.9,162.2,162.5,162.8,163,163.2,163.4,163.6,164,164,163.9,163
1998,208.49,171.16666669999998,161.6,161.9,162.2,162.5,162.8,163,163.2,163.4,163.6,164,164,163.9,163
1998,211.4,172.8,161.6,161.9,162.2,162.5,162.8,163,163.2,163.4,163.6,164,164,163.9,163
1998,213.9,174.43333330000002,161.6,161.9,162.2,162.5,162.8,163,163.2,163.4,163.6,164,164,163.9,163
1999,216.15,175.6333333,164.3,164.5,165,166.2,166.2,166.2,166.7,167.1,167.9,168.2,168.3,168.3,166.6
1999,219.05,176.7333333,164.3,164.5,165,166.2,166.2,166.2,166.7,167.1,167.9,168.2,168.3,168.3,166.6
1999,222.14,177.93333330000002,164.3,164.5,165,166.2,166.2,166.2,166.7,167.1,167.9,168.2,168.3,168.3,166.6
1999,224.44,179.6333333,164.3,164.5,165,166.2,166.2,166.2,166.7,167.1,167.9,168.2,168.3,168.3,166.6
2000,228.72,181.5333333,168.8,169.8,171.2,171.3,171.5,172.4,172.8,172.8,173.7,174,174.1,174,172.2
2000,232.45000000000002,182.7333333,168.8,169.8,171.2,171.3,171.5,172.4,172.8,172.8,173.7,174,174.1,174,172.2
2000,236.68,184.6,168.8,169.8,171.2,171.3,171.5,172.4,172.8,172.8,173.7,174,174.1,174,172.2
2000,240.32000000000002,186.83333330000002,168.8,169.8,171.2,171.3,171.5,172.4,172.8,172.8,173.7,174,174.1,174,172.2
2001,246.25,188.9,175.1,175.8,176.2,176.9,177.7,178,177.5,177.5,178.3,177.7,177.4,176.7,177.1
2001,250.38000000000002,190.93333330000002,175.1,175.8,176.2,176.9,177.7,178,177.5,177.5,178.3,177.7,177.4,176.7,177.1
2001,254.26,193.1,175.1,175.8,176.2,176.9,177.7,178,177.5,177.5,178.3,177.7,177.4,176.7,177.1
2001,257.40999999999997,195.5333333,175.1,175.8,176.2,176.9,177.7,178,177.5,177.5,178.3,177.7,177.4,176.7,177.1
2002,261.11,197.6333333,177.1,177.8,178.8,179.8,179.8,179.9,180.1,180.7,181,181.3,181.3,180.9,179.88000000000002
2002,265.56,198.8666667,177.1,177.8,178.8,179.8,179.8,179.9,180.1,180.7,181,181.3,181.3,180.9,179.88000000000002
2002,270.82,200.2333333,177.1,177.8,178.8,179.8,179.8,179.9,180.1,180.7,181,181.3,181.3,180.9,179.88000000000002
2002,274.67,201.93333330000002,177.1,177.8,178.8,179.8,179.8,179.9,180.1,180.7,181,181.3,181.3,180.9,179.88000000000002
2003,278.01,203.7,181.7,183.1,184.2,183.8,183.5,183.7,183.9,184.6,185.2,185,184.5,184.3,183.96
2003,281.4,204.83333330000002,181.7,183.1,184.2,183.8,183.5,183.7,183.9,184.6,185.2,185,184.5,184.3,183.96
2003,285.71,206.1,181.7,183.1,184.2,183.8,183.5,183.7,183.9,184.6,185.2,185,184.5,184.3,183.96
2003,293.78999999999996,207.43333330000002,181.7,183.1,184.2,183.8,183.5,183.7,183.9,184.6,185.2,185,184.5,184.3,183.96
2004,298.39,208.76666669999997,185.2,186.2,187.4,188,189.1,189.7,189.4,189.5,189.9,190.9,191,190.3,188.9
2004,305.63,210.2,185.2,186.2,187.4,188,189.1,189.7,189.4,189.5,189.9,190.9,191,190.3,188.9
2004,317.33,211.83333330000002,185.2,186.2,187.4,188,189.1,189.7,189.4,189.5,189.9,190.9,191,190.3,188.9
2004,324.09,213.3,185.2,186.2,187.4,188,189.1,189.7,189.4,189.5,189.9,190.9,191,190.3,188.9
2005,331.56,215,190.7,191.8,193.3,194.6,194.4,194.5,195.4,196.4,198.8,199.2,197.6,196.8,195.3
2005,342.16,216.4,190.7,191.8,193.3,194.6,194.4,194.5,195.4,196.4,198.8,199.2,197.6,196.8,195.3
2005,352.47999999999996,218.0333333,190.7,191.8,193.3,194.6,194.4,194.5,195.4,196.4,198.8,199.2,197.6,196.8,195.3
2005,360.46,219.93333330000002,190.7,191.8,193.3,194.6,194.4,194.5,195.4,196.4,198.8,199.2,197.6,196.8,195.3
2006,366.17,221.6,198.3,198.7,199.8,201.5,202.5,202.9,203.5,203.9,202.9,201.8,201.5,201.8,201.6
2006,369.90999999999997,223.6333333,198.3,198.7,199.8,201.5,202.5,202.9,203.5,203.9,202.9,201.8,201.5,201.8,201.6
2006,372.96999999999997,226.16666669999998,198.3,198.7,199.8,201.5,202.5,202.9,203.5,203.9,202.9,201.8,201.5,201.8,201.6
2006,376.78,228.9666667,198.3,198.7,199.8,201.5,202.5,202.9,203.5,203.9,202.9,201.8,201.5,201.8,201.6
2007,378.18,231.68,202.416,203.499,205.35200000000003,206.686,207.94899999999998,208.35200000000003,208.29899999999998,207.917,208.49,208.936,210.177,210.036,207.342
2007,377.9,233.5333333,202.416,203.499,205.35200000000003,206.686,207.94899999999998,208.35200000000003,208.29899999999998,207.917,208.49,208.936,210.177,210.036,207.342
2007,373.68,235.36700000000002,202.416,203.499,205.35200000000003,206.686,207.94899999999998,208.35200000000003,208.29899999999998,207.917,208.49,208.936,210.177,210.036,207.342
2007,372.5,238.1353333,202.416,203.499,205.35200000000003,206.686,207.94899999999998,208.35200000000003,208.29899999999998,207.917,208.49,208.936,210.177,210.036,207.342
2008,369.78999999999996,240.34966669999997,211.08,211.69299999999998,213.52800000000002,214.823,216.632,218.815,219.964,219.086,218.783,216.57299999999998,212.425,210.228,215.303
2008,360.46,241.97233330000003,211.08,211.69299999999998,213.52800000000002,214.823,216.632,218.815,219.964,219.086,218.783,216.57299999999998,212.425,210.228,215.303
2008,349.1,244.15800000000002,211.08,211.69299999999998,213.52800000000002,214.823,216.632,218.815,219.964,219.086,218.783,216.57299999999998,212.425,210.228,215.303
2008,345.88,246.60466669999997,211.08,211.69299999999998,213.52800000000002,214.823,216.632,218.815,219.964,219.086,218.783,216.57299999999998,212.425,210.228,215.303
2009,348.42999999999995,248.306,211.14299999999997,212.19299999999998,212.70899999999997,213.23999999999998,213.85600000000002,215.69299999999998,215.35100000000003,215.834,215.969,216.177,216.33,215.94899999999998,214.537
2009,339.22999999999996,249.02,211.14299999999997,212.19299999999998,212.70899999999997,213.23999999999998,213.85600000000002,215.69299999999998,215.35100000000003,215.834,215.969,216.177,216.33,215.94899999999998,214.537
2009,330.26,248.996,211.14299999999997,212.19299999999998,212.70899999999997,213.23999999999998,213.85600000000002,215.69299999999998,215.35100000000003,215.834,215.969,216.177,216.33,215.94899999999998,214.537
2009,327.78999999999996,248.92433330000003,211.14299999999997,212.19299999999998,212.70899999999997,213.23999999999998,213.85600000000002,215.69299999999998,215.35100000000003,215.834,215.969,216.177,216.33,215.94899999999998,214.537
2010,323.87,249.08333330000002,216.687,216.74099999999999,217.631,218.009,218.178,217.965,218.011,218.312,218.439,218.71099999999998,218.803,219.17899999999997,218.056
2010,320.96,248.9786667,216.687,216.74099999999999,217.631,218.009,218.178,217.965,218.011,218.312,218.439,218.71099999999998,218.803,219.17899999999997,218.056
2010,324,249.17266669999998,216.687,216.74099999999999,217.631,218.009,218.178,217.965,218.011,218.312,218.439,218.71099999999998,218.803,219.17899999999997,218.056
2010,321.65000000000003,250.30700000000002,216.687,216.74099999999999,217.631,218.009,218.178,217.965,218.011,218.312,218.439,218.71099999999998,218.803,219.17899999999997,218.056
2011,312.8,251.843,220.22299999999998,221.309,223.467,224.906,225.964,225.722,225.92200000000003,226.545,226.889,226.42100000000002,226.23,225.672,224.939
2011,307.31,252.40200000000002,220.22299999999998,221.309,223.467,224.906,225.964,225.722,225.92200000000003,226.545,226.889,226.42100000000002,226.23,225.672,224.939
2011,309.6,253.90533330000002,220.22299999999998,221.309,223.467,224.906,225.964,225.722,225.92200000000003,226.545,226.889,226.42100000000002,226.23,225.672,224.939
2011,310.96,256.40233329999995,220.22299999999998,221.309,223.467,224.906,225.964,225.722,225.92200000000003,226.545,226.889,226.42100000000002,226.23,225.672,224.939
2012,307.68,258.15566670000004,226.665,227.66299999999998,229.39200000000002,230.085,229.815,229.478,229.10399999999998,230.379,231.407,231.317,230.221,229.601,229.594
2012,306.4,259.1866667,226.665,227.66299999999998,229.39200000000002,230.085,229.815,229.478,229.10399999999998,230.379,231.407,231.317,230.221,229.601,229.594
2012,310.35,260.73499999999996,226.665,227.66299999999998,229.39200000000002,230.085,229.815,229.478,229.10399999999998,230.379,231.407,231.317,230.221,229.601,229.594
2012,312.84000000000003,263.39,226.665,227.66299999999998,229.39200000000002,230.085,229.815,229.478,229.10399999999998,230.379,231.407,231.317,230.221,229.601,229.594
2013,314.46,265.259,230.28,232.166,232.77299999999997,232.531,232.945,233.504,233.596,233.877,234.14899999999997,233.546,233.069,233.04899999999998,232.95700000000002
2013,319.36,266.4826667,230.28,232.166,232.77299999999997,232.531,232.945,233.504,233.596,233.877,234.14899999999997,233.546,233.069,233.04899999999998,232.95700000000002
2013,324.32,268.37466670000003,230.28,232.166,232.77299999999997,232.531,232.945,233.504,233.596,233.877,234.14899999999997,233.546,233.069,233.04899999999998,232.95700000000002
2013,326.98999999999995,270.782,230.28,232.166,232.77299999999997,232.531,232.945,233.504,233.596,233.877,234.14899999999997,233.546,233.069,233.04899999999998,232.95700000000002
2014,329.86,272.8453333,233.916,234.781,236.29299999999998,237.072,237.9,238.343,238.25,237.85200000000003,238.031,237.433,236.151,234.812,236.736
2014,336.16,274.71033329999995,233.916,234.781,236.29299999999998,237.072,237.9,238.343,238.25,237.85200000000003,238.031,237.433,236.151,234.812,236.736
2014,340.97999999999996,277.09799999999996,233.916,234.781,236.29299999999998,237.072,237.9,238.343,238.25,237.85200000000003,238.031,237.433,236.151,234.812,236.736
2014,343.83,279.99399999999997,233.916,234.781,236.29299999999998,237.072,237.9,238.343,238.25,237.85200000000003,238.031,237.433,236.151,234.812,236.736
2015,347.33,282.3636667,233.707,234.722,236.11899999999997,236.599,237.805,238.638,238.654,238.316,237.945,237.83800000000002,237.336,236.525,237.017
2015,353.35,284.2913332999999,233.707,234.722,236.11899999999997,236.599,237.805,238.638,238.654,238.316,237.945,237.83800000000002,237.336,236.525,237.017
2015,358.75,287.15466670000006,233.707,234.722,236.11899999999997,236.599,237.805,238.638,238.654,238.316,237.945,237.83800000000002,237.336,236.525,237.017
2015,361.92999999999995,290.318,233.707,234.722,236.11899999999997,236.599,237.805,238.638,238.654,238.316,237.945,237.83800000000002,237.336,236.525,237.017
2016,365.26,292.7566667,236.916,237.111,238.132,239.261,240.22899999999998,241.018,240.62800000000001,240.849,241.42800000000003,241.72899999999998,241.353,241.43200000000002,240.008
2016,372.34000000000003,295.0376667,236.916,237.111,238.132,239.261,240.22899999999998,241.018,240.62800000000001,240.849,241.42800000000003,241.72899999999998,241.353,241.43200000000002,240.008
2016,379,297.9133332999999,236.916,237.111,238.132,239.261,240.22899999999998,241.018,240.62800000000001,240.849,241.42800000000003,241.72899999999998,241.353,241.43200000000002,240.008
2016,382.46,301.574,236.916,237.111,238.132,239.261,240.22899999999998,241.018,240.62800000000001,240.849,241.42800000000003,241.72899999999998,241.353,241.43200000000002,240.008
2017,385.81,304.182,242.839,243.60299999999998,243.80100000000002,244.524,244.73299999999998,244.955,244.786,245.51899999999998,246.819,246.66299999999998,246.66899999999998,246.524,245.12
2017,395.42999999999995,306.39,242.839,243.60299999999998,243.80100000000002,244.524,244.73299999999998,244.955,244.786,245.51899999999998,246.819,246.66299999999998,246.66899999999998,246.524,245.12
2017,402.16,309.3066667,242.839,243.60299999999998,243.80100000000002,244.524,244.73299999999998,244.955,244.786,245.51899999999998,246.819,246.66299999999998,246.66899999999998,246.524,245.12
2017,406.06,312.6916667,242.839,243.60299999999998,243.80100000000002,244.524,244.73299999999998,244.955,244.786,245.51899999999998,246.819,246.66299999999998,246.66899999999998,246.524,245.12
2018,412.05,315.316,247.86700000000002,248.991,249.554,250.546,251.58800000000002,251.989,252.006,252.146,252.439,252.88500000000002,252.038,251.23299999999998,251.107
2018,421.61,317.5236667,247.86700000000002,248.991,249.554,250.546,251.58800000000002,251.989,252.006,252.146,252.439,252.88500000000002,252.038,251.23299999999998,251.107
2018,428.18,320.5116667,247.86700000000002,248.991,249.554,250.546,251.58800000000002,251.989,252.006,252.146,252.439,252.88500000000002,252.038,251.23299999999998,251.107
2018,430.76,323.8036667,247.86700000000002,248.991,249.554,250.546,251.58800000000002,251.989,252.006,252.146,252.439,252.88500000000002,252.038,251.23299999999998,251.107
2019,435.35,326.48699999999997,251.712,252.77599999999998,254.202,255.548,256.092,256.14300000000003,256.57099999999997,256.558,256.759,257.346,NA,NA,NA
2019,443.35,329.553,251.712,252.77599999999998,254.202,255.548,256.092,256.14300000000003,256.57099999999997,256.558,256.759,257.346,NA,NA,NA
2019,447.98999999999995,332.6923333,251.712,252.77599999999998,254.202,255.548,256.092,256.14300000000003,256.57099999999997,256.558,256.759,257.346,NA,NA,NA
2019,NA,NA,251.712,252.77599999999998,254.202,255.548,256.092,256.14300000000003,256.57099999999997,256.558,256.759,257.346,NA,NA,NA
